date,store_id,category,sales,region,order_value
2024-01-14,104,Electronics,229,East,388.31
2024-01-07,105,Electronics,86,East,373.37
2024-01-23,105,Books,498,Central,115.21
2024-02-15,101,Books,87,West,352.58
2024-01-18,106,Electronics,573,North,120.59
2024-02-01,105,Electronics,63,Central,221.38
2024-02-07,107,Sports,469,East,306.45
2024-02-07,106,Home,126,West,378.43
2024-02-18,105,Books,50,South,250.67
2024-01-01,107,Home,269,East,144.27
2024-02-16,109,Books,270,East,472.81
2024-01-29,107,Clothing,322,West,354.85
2024-02-13,106,Sports,311,North,395.39
2024-01-14,106,Home,557,West,294.98
2024-01-22,100,Clothing,563,West,440.74
2024-01-11,108,Books,339,West,372.54
2024-01-22,105,Electronics,564,North,182.97
2024-02-27,103,Electronics,299,West,82.67
2024-02-17,104,Clothing,544,South,489.74
2024-02-19,105,Home,548,South,97.67
2024-02-16,109,Sports,267,East,477.57
2024-01-18,102,Books,351,East,489.19
2024-02-01,101,Sports,462,South,448.46
2024-02-08,103,Home,581,West,409.04
2024-02-27,107,Sports,589,Central,195.11
2024-01-05,107,Electronics,413,West,194.17
2024-02-27,106,Sports,451,Central,50.68
2024-01-18,100,Electronics,569,West,194.31
2024-02-06,108,Clothing,320,West,66.46
2024-02-22,101,Home,143,Central,85.6
2024-02-19,103,Books,580,West,116.08
2024-02-09,103,Electronics,573,South,415.12
2024-02-22,109,Clothing,102,East,113.5
2024-01-04,108,Books,69,East,149.66
2024-02-26,107,Home,121,North,230.58
2024-01-15,100,Books,481,West,56.44
2024-02-20,105,Sports,565,East,247.28
2024-01-13,101,Home,542,East,382.29
2024-01-14,106,Electronics,372,East,227.64
2024-02-27,106,Books,582,North,488.39
2024-01-29,103,Home,593,Central,179.2
2024-02-24,105,Electronics,529,East,323.47
2024-01-29,107,Electronics,539,South,453.76
2024-02-23,103,Clothing,553,East,205.11
2024-02-01,106,Home,273,North,120.08
2024-02-02,107,Home,527,Central,195.41
2024-02-20,104,Clothing,427,North,244.69
2024-01-30,102,Sports,396,Central,297.32
2024-02-16,107,Sports,92,West,302.38
2024-02-13,108,Clothing,270,West,389.11
2024-01-10,101,Electronics,492,Central,429.12
2024-03-01,109,Sports,399,North,152.82
2024-02-09,101,Sports,505,North,66.47
2024-01-25,108,Electronics,477,Central,71.67
2024-01-23,107,Electronics,576,East,66.3
2024-02-01,104,Books,574,East,321.31
2024-01-19,100,Books,115,South,195.69
2024-01-04,106,Clothing,114,West,319.08
2024-02-12,108,Sports,188,East,104.51
2024-01-19,102,Electronics,147,West,208.67
2024-01-07,109,Home,236,South,151.62
2024-02-23,109,Clothing,373,West,108.43
2024-01-21,102,Clothing,293,South,198.17
2024-01-26,100,Books,321,Central,455.77
2024-01-20,101,Sports,500,East,295.62
2024-01-27,103,Electronics,441,North,219.54
2024-02-27,104,Home,431,North,475.04
2024-03-01,101,Sports,577,South,352.83
2024-02-24,101,Electronics,554,West,229.59
2024-01-29,100,Sports,509,South,76.28
2024-02-06,106,Electronics,392,Central,150.17
2024-01-07,108,Books,437,Central,54.59
2024-02-27,102,Sports,185,East,276.59
2024-01-03,106,Electronics,265,Central,487.92
2024-02-14,103,Sports,322,South,51.16
2024-01-03,108,Sports,215,North,73.32
2024-01-13,102,Clothing,506,Central,391.74
2024-02-06,101,Sports,576,North,81.69
2024-01-03,102,Electronics,270,North,168.16
2024-02-04,101,Sports,410,South,94.58
2024-02-10,100,Electronics,78,South,371.57
2024-01-29,105,Sports,251,Central,209.97
2024-01-28,104,Clothing,76,East,485.99
2024-02-21,106,Clothing,536,West,321.22
2024-01-05,108,Home,214,North,443.06
2024-01-10,102,Clothing,427,South,453.61
2024-01-17,105,Electronics,210,North,472.67
2024-01-23,108,Books,63,South,230.19
2024-02-26,105,Electronics,54,North,225.28
2024-01-29,104,Clothing,501,Central,216.85
2024-02-21,100,Home,458,Central,447.0
2024-02-15,109,Books,589,North,119.3
2024-02-26,106,Home,496,South,270.47
2024-01-14,105,Home,125,East,247.34
2024-02-20,104,Sports,304,Central,272.8
2024-02-23,100,Clothing,302,South,365.12
2024-01-28,107,Electronics,542,South,484.29
2024-02-05,102,Electronics,79,West,162.71
2024-01-09,100,Sports,249,North,53.35
2024-01-15,105,Books,583,South,123.31
2024-01-21,106,Home,199,West,145.81
2024-02-28,104,Electronics,390,East,320.14
2024-01-02,105,Books,365,East,284.75
2024-01-24,109,Clothing,427,East,216.8
2024-01-01,103,Electronics,106,North,248.15
2024-02-12,102,Clothing,313,North,329.25
2024-02-18,104,Books,397,South,240.47
2024-01-04,109,Home,499,East,420.44
2024-01-03,102,Clothing,521,Central,121.91
2024-02-01,109,Books,293,South,183.05
2024-01-31,102,Home,133,East,211.57
2024-02-25,106,Clothing,183,West,137.58
2024-01-08,109,Sports,143,South,442.2
2024-02-18,104,Electronics,223,West,331.84
2024-02-08,106,Electronics,179,North,153.31
2024-01-17,103,Books,139,North,494.54
2024-01-11,106,Electronics,529,West,354.15
2024-01-29,109,Electronics,126,South,428.89
2024-01-03,100,Books,213,Central,207.46
2024-02-11,107,Home,547,East,177.22
2024-02-14,101,Clothing,529,North,119.97
2024-02-07,105,Electronics,598,East,417.29
2024-01-02,104,Electronics,299,North,479.32
2024-01-11,100,Sports,143,Central,173.92
2024-01-04,104,Home,105,North,152.36
2024-01-26,106,Home,97,Central,220.41
2024-02-04,101,Electronics,122,West,105.8
2024-02-07,105,Clothing,364,North,191.55
2024-01-31,107,Home,496,Central,394.99
2024-02-17,102,Books,313,West,105.38
2024-01-26,103,Electronics,444,North,384.66
2024-02-05,101,Home,281,South,486.82
2024-01-31,102,Home,229,North,421.05
2024-02-08,109,Clothing,559,Central,82.43
2024-02-11,104,Clothing,311,West,168.05
2024-02-04,105,Electronics,425,North,223.54
2024-01-20,106,Sports,589,North,417.82
2024-01-28,105,Home,166,West,479.58
2024-01-03,100,Sports,258,East,338.55
2024-03-01,100,Clothing,310,West,272.39
2024-01-23,105,Sports,520,Central,341.11
2024-01-24,108,Clothing,119,East,266.02
2024-01-27,101,Electronics,356,East,191.24
2024-02-05,105,Clothing,145,North,467.38
2024-01-01,105,Sports,50,West,454.76
2024-01-21,106,Sports,526,North,448.51
2024-02-24,101,Home,149,Central,76.34
2024-02-12,109,Books,100,Central,293.73
2024-01-14,107,Electronics,599,Central,219.89
2024-02-09,108,Home,520,North,379.36
2024-02-23,105,Books,454,South,222.21
2024-01-11,107,Sports,122,North,211.37
2024-02-14,108,Electronics,216,Central,315.26
2024-02-07,107,Home,150,South,67.47
2024-01-05,108,Books,406,West,56.79
2024-01-16,109,Books,287,Central,337.57
2024-02-08,105,Books,333,West,196.58
2024-02-29,105,Home,54,East,213.45
2024-01-13,102,Sports,575,Central,360.62
2024-01-19,104,Books,196,Central,242.6
2024-01-25,108,Sports,293,Central,231.5
2024-02-22,104,Clothing,599,West,215.74
2024-01-07,103,Sports,272,West,253.61
2024-02-07,100,Electronics,533,East,426.06
2024-01-19,103,Clothing,90,West,131.18
2024-02-11,109,Home,347,Central,128.2
2024-02-07,102,Books,140,North,136.15
2024-01-22,106,Sports,156,North,484.71
2024-02-19,108,Home,434,North,284.49
2024-02-16,101,Sports,53,East,249.54
2024-01-15,109,Home,584,North,473.49
2024-02-24,101,Electronics,484,Central,476.81
2024-01-12,103,Home,251,South,441.12
2024-02-23,103,Sports,583,North,436.4
2024-02-09,101,Sports,181,Central,184.52
2024-02-29,109,Books,291,East,499.33
2024-01-13,105,Books,454,East,497.03
2024-02-02,107,Electronics,134,Central,151.47
2024-02-10,102,Sports,208,Central,220.94
2024-01-28,107,Home,519,South,251.46
2024-01-09,103,Electronics,202,East,280.11
2024-02-08,101,Electronics,132,South,431.06
2024-01-10,106,Home,548,East,457.87
2024-01-13,102,Electronics,566,Central,328.0
2024-01-23,109,Home,528,South,88.58
2024-01-05,109,Sports,492,West,203.62
2024-01-11,103,Electronics,216,North,125.46
2024-02-11,109,Clothing,547,East,77.69
2024-02-18,107,Clothing,252,North,153.67
2024-01-04,101,Books,354,East,216.54
2024-02-08,106,Home,438,South,358.82
2024-01-29,100,Clothing,223,East,200.86
2024-01-20,104,Home,81,South,162.97
2024-01-26,102,Books,393,East,129.62
2024-02-19,102,Sports,569,East,326.67
2024-01-10,109,Books,125,West,344.01
2024-01-26,109,Sports,169,West,240.89
2024-02-02,109,Clothing,559,North,473.69
2024-01-21,104,Books,473,West,306.56
2024-01-10,106,Clothing,265,East,332.39
2024-02-17,101,Clothing,188,East,150.44
2024-02-24,103,Clothing,264,North,499.47
2024-01-30,102,Clothing,435,North,351.95
2024-01-21,101,Sports,296,Central,382.0
2024-01-29,101,Books,134,North,481.03
2024-01-26,101,Sports,241,East,479.39
2024-01-21,106,Home,331,Central,401.83
2024-01-30,106,Home,562,North,238.98
2024-02-19,107,Home,283,West,380.91
2024-02-09,108,Home,92,South,177.2
2024-01-23,108,Clothing,572,North,121.86
2024-02-10,101,Electronics,272,Central,136.38
2024-01-27,104,Home,591,Central,402.61
2024-02-13,106,Sports,399,East,214.57
2024-01-26,106,Sports,430,North,444.54
2024-01-11,101,Clothing,105,East,75.33
2024-02-09,100,Sports,544,Central,346.32
2024-03-01,101,Books,464,South,274.36
2024-01-04,101,Sports,134,West,349.49
2024-01-24,100,Clothing,111,South,370.59
2024-01-23,105,Clothing,339,West,59.76
2024-01-18,101,Clothing,212,South,490.1
2024-02-25,100,Clothing,244,Central,215.9
2024-01-28,102,Books,402,East,480.92
2024-02-14,109,Electronics,109,Central,139.76
2024-02-05,100,Home,572,North,356.59
2024-02-22,107,Clothing,511,East,229.98
2024-02-08,108,Electronics,157,South,475.12
2024-02-11,104,Clothing,436,North,197.15
2024-02-23,107,Books,456,North,89.26
2024-02-09,106,Clothing,359,North,481.27
2024-02-12,107,Books,181,North,176.05
2024-01-11,102,Sports,327,West,491.43
2024-01-26,105,Electronics,339,West,133.6
2024-01-31,100,Clothing,470,Central,453.78
2024-01-03,109,Electronics,253,West,461.22
2024-02-12,104,Home,151,East,421.54
2024-03-01,106,Home,120,Central,162.35
2024-01-07,103,Clothing,144,North,72.64
2024-01-20,108,Electronics,123,South,342.73
2024-02-11,103,Home,599,North,233.63
2024-01-25,104,Sports,511,West,215.49
2024-03-01,101,Electronics,373,Central,57.93
2024-01-20,102,Sports,126,South,330.24
2024-02-05,101,Books,82,West,360.06
2024-02-14,100,Electronics,152,Central,264.45
2024-02-25,106,Sports,307,Central,495.38
2024-01-18,109,Electronics,436,East,187.06
2024-01-02,108,Electronics,199,North,478.73
2024-01-21,107,Clothing,400,Central,211.03
2024-01-09,107,Home,418,East,115.18
2024-03-01,107,Books,244,North,87.81
2024-01-30,102,Clothing,146,North,469.99
2024-01-21,109,Books,327,North,404.51
2024-02-23,106,Sports,216,North,98.46
2024-02-23,104,Home,186,Central,325.73
2024-02-06,101,Home,462,East,273.15
2024-01-30,107,Sports,567,South,171.35
2024-01-15,104,Sports,200,West,336.88
2024-02-17,103,Home,401,West,307.04
2024-02-01,100,Home,372,North,179.69
2024-02-07,106,Electronics,497,South,70.14
2024-01-08,103,Books,278,East,78.42
2024-02-08,109,Home,277,Central,65.77
2024-02-03,108,Home,214,East,340.68
2024-02-09,106,Home,552,West,50.68
2024-02-10,103,Clothing,498,West,156.79
2024-02-14,107,Clothing,416,North,268.27
2024-01-06,103,Sports,372,North,450.83
2024-01-28,105,Books,158,East,432.46
2024-02-26,100,Home,566,East,172.98
2024-02-04,100,Clothing,332,South,113.69
2024-01-08,105,Electronics,191,East,265.71
2024-02-28,100,Electronics,275,South,419.83
2024-01-20,106,Clothing,369,South,294.7
2024-02-02,105,Clothing,551,Central,185.82
2024-01-23,104,Books,132,North,290.48
2024-03-01,108,Books,122,Central,212.45
2024-02-01,100,Electronics,258,Central,411.89
2024-01-17,100,Books,487,North,457.11
2024-02-20,101,Home,171,West,194.44
2024-02-02,101,Clothing,176,East,253.61
2024-01-09,101,Books,388,West,435.94
2024-01-15,102,Books,363,Central,394.43
2024-01-03,101,Clothing,127,East,270.36
2024-02-23,104,Clothing,443,North,80.65
2024-02-02,104,Electronics,537,East,54.17
2024-02-26,102,Home,495,Central,313.96
2024-02-26,109,Clothing,59,Central,251.96
2024-02-05,105,Electronics,130,Central,95.34
2024-02-12,108,Electronics,120,Central,219.16
2024-01-23,105,Electronics,214,North,326.5
2024-02-01,106,Electronics,358,West,253.73
2024-01-14,108,Clothing,213,East,229.34
2024-01-11,102,Sports,192,Central,472.68
2024-02-18,106,Books,386,South,198.72
2024-02-10,100,Books,471,South,129.75
2024-01-20,102,Sports,182,South,468.05
2024-01-01,100,Electronics,598,Central,290.48
2024-02-02,104,Books,66,South,339.8
2024-02-28,104,Sports,560,East,226.88
2024-02-17,103,Books,116,South,404.95
2024-01-27,105,Home,396,North,216.53
2024-02-23,109,Sports,358,Central,140.59
2024-01-22,107,Electronics,511,West,444.06
2024-01-28,102,Books,284,East,129.02
2024-02-13,108,Home,292,North,399.56
2024-02-03,105,Books,464,North,272.83
2024-02-27,104,Home,317,Central,480.42
2024-02-14,101,Electronics,488,West,278.65
2024-01-03,109,Electronics,262,South,231.86
2024-02-21,107,Books,310,West,123.55
2024-01-04,108,Home,348,West,342.89
2024-01-16,108,Home,171,West,115.67
2024-02-16,105,Electronics,256,North,440.85
2024-01-17,106,Sports,269,North,186.99
2024-02-22,106,Electronics,430,Central,465.92
2024-01-09,106,Sports,533,Central,204.52
2024-02-13,109,Electronics,590,Central,232.72
2024-01-25,104,Books,533,West,244.04
2024-01-15,108,Sports,463,North,491.65
2024-01-26,104,Sports,485,West,148.39
2024-02-17,101,Books,112,South,204.75
2024-03-01,105,Sports,598,South,152.63
2024-01-06,106,Books,477,West,132.89
2024-01-30,107,Books,250,Central,155.72
2024-01-29,101,Electronics,405,North,444.28
2024-02-11,104,Clothing,459,East,347.54
2024-02-08,104,Clothing,140,Central,80.25
2024-02-05,109,Books,589,South,96.26
2024-02-24,107,Sports,569,Central,279.13
2024-01-19,102,Clothing,94,South,406.49
2024-01-06,109,Home,549,South,369.16
2024-01-30,108,Sports,553,East,72.93
2024-01-08,100,Books,546,North,120.11
2024-01-05,102,Clothing,432,West,188.86
2024-02-08,107,Books,538,South,368.62
2024-02-11,108,Sports,160,North,190.12
2024-01-26,104,Home,204,West,233.54
2024-01-22,109,Clothing,185,Central,494.38
2024-01-28,106,Clothing,286,East,269.21
2024-02-28,102,Sports,84,South,139.06
2024-01-17,105,Home,107,North,490.47
2024-03-01,106,Electronics,135,East,160.45
2024-02-17,102,Sports,412,Central,302.81
2024-01-19,100,Sports,365,South,269.08
2024-02-02,104,Sports,312,East,286.85
2024-02-23,103,Electronics,294,Central,376.91
2024-01-22,104,Home,370,North,246.79
2024-02-05,108,Sports,433,East,480.99
2024-01-09,101,Clothing,508,Central,283.21
2024-02-27,105,Books,224,North,213.47
2024-01-10,103,Electronics,540,South,112.59
2024-02-23,103,Sports,405,South,148.83
2024-02-28,100,Electronics,234,Central,107.08
2024-02-18,109,Books,102,East,108.68
2024-02-13,107,Clothing,307,Central,308.21
2024-02-29,108,Electronics,591,East,367.37
2024-01-25,108,Books,91,North,428.61
2024-02-27,100,Electronics,60,South,327.2
2024-02-08,102,Clothing,295,East,282.23
2024-01-13,105,Electronics,527,South,387.45
2024-02-01,109,Sports,584,East,358.5
2024-02-21,105,Electronics,471,West,181.29
2024-02-23,100,Sports,148,South,261.52
2024-02-22,108,Clothing,193,North,118.61
2024-02-15,102,Home,344,West,460.52
2024-01-10,106,Home,471,East,111.09
2024-02-09,103,Clothing,517,East,89.75
2024-02-18,102,Clothing,179,West,419.11
2024-01-28,107,Books,562,Central,71.78
2024-01-08,100,Sports,424,North,241.1
2024-02-16,104,Books,495,Central,483.0
2024-02-26,102,Electronics,94,East,109.97
2024-01-20,108,Home,152,North,252.01
2024-02-19,105,Clothing,582,West,60.71
2024-01-13,108,Sports,126,East,172.66
2024-01-06,105,Home,470,South,416.64
2024-01-11,109,Electronics,131,North,250.64
2024-01-10,108,Clothing,309,West,102.64
2024-02-21,100,Home,226,South,56.67
2024-02-28,106,Sports,452,North,390.04
2024-01-29,101,Books,361,Central,412.24
2024-02-05,106,Electronics,360,North,477.72
2024-01-16,107,Sports,320,North,379.57
2024-02-02,101,Clothing,366,West,119.46
2024-01-18,109,Clothing,77,North,84.21
2024-02-10,109,Home,301,Central,397.08
2024-02-10,102,Clothing,274,Central,425.94
2024-01-28,105,Electronics,140,Central,205.74
2024-02-06,107,Sports,381,Central,160.68
2024-02-14,109,Home,392,East,494.35
2024-01-10,106,Books,175,South,450.64
2024-02-26,101,Books,117,Central,433.91
2024-01-01,106,Books,531,East,388.43
2024-01-15,108,Clothing,538,South,146.52
2024-02-24,105,Books,519,South,440.76
2024-01-31,109,Books,185,North,180.96
2024-01-20,108,Sports,166,South,245.83
2024-01-14,106,Sports,129,West,437.24
2024-01-30,102,Clothing,71,East,393.41
2024-01-17,100,Clothing,204,North,143.59
2024-02-19,107,Books,599,Central,236.02
2024-02-26,109,Clothing,218,West,236.11
2024-01-11,106,Clothing,60,South,384.63
2024-02-24,100,Electronics,516,East,321.39
2024-02-14,101,Sports,435,South,60.18
2024-01-26,101,Clothing,471,North,254.96
2024-01-22,104,Sports,284,East,414.48
2024-01-12,106,Electronics,186,West,450.93
2024-02-28,103,Home,122,West,223.85
2024-01-15,101,Sports,442,East,295.35
2024-02-27,102,Sports,396,East,180.66
2024-01-31,107,Sports,187,East,278.53
2024-02-04,105,Books,522,West,424.21
2024-01-09,103,Clothing,322,South,85.65
2024-02-02,103,Home,351,North,252.43
2024-01-12,102,Electronics,181,South,169.49
2024-02-07,103,Books,213,North,239.22
2024-02-03,106,Books,448,East,398.03
2024-01-29,108,Sports,94,South,333.52
2024-01-20,105,Clothing,493,North,278.56
2024-02-05,105,Electronics,173,South,127.64
2024-01-09,108,Electronics,403,North,426.45
2024-01-18,109,Sports,103,Central,210.74
2024-01-21,100,Clothing,98,Central,308.8
2024-02-18,101,Sports,194,South,206.04
2024-01-22,104,Sports,64,South,374.83
2024-01-06,107,Clothing,541,North,121.55
2024-02-13,104,Home,107,Central,223.28
2024-01-09,108,Home,150,South,492.61
2024-02-06,106,Sports,76,West,315.4
2024-02-29,103,Clothing,562,North,232.01
2024-02-15,103,Sports,586,Central,410.06
2024-01-03,109,Books,176,West,341.01
2024-01-23,108,Books,354,Central,121.91
2024-02-13,106,Electronics,306,West,324.97
2024-02-13,100,Home,532,North,328.78
2024-01-20,101,Clothing,84,Central,166.72
2024-01-27,107,Home,84,East,277.49
2024-01-05,103,Sports,591,Central,397.34
2024-01-26,105,Books,214,Central,483.37
2024-02-03,106,Books,541,East,252.51
2024-02-22,104,Home,154,West,249.35
2024-01-08,106,Sports,151,North,496.02
2024-02-22,103,Books,325,East,67.44
2024-02-19,104,Books,571,West,284.21
2024-01-29,101,Home,346,East,259.42
2024-01-06,103,Clothing,234,West,423.93
2024-01-26,109,Home,480,Central,458.2
2024-02-29,109,Books,392,South,252.06
2024-01-25,104,Books,512,South,114.73
2024-02-08,107,Clothing,404,Central,311.88
2024-02-24,103,Electronics,81,South,459.93
2024-01-09,104,Clothing,65,West,234.06
2024-02-09,106,Books,341,Central,166.6
2024-02-04,107,Electronics,348,South,225.77
2024-02-29,109,Clothing,298,South,78.27
2024-01-08,106,Clothing,110,South,311.77
2024-03-01,106,Electronics,379,North,408.49
2024-01-03,104,Clothing,324,East,466.44
2024-01-17,108,Home,554,East,444.23
2024-02-01,107,Clothing,236,Central,307.2
2024-02-02,101,Home,222,North,131.97
2024-01-05,106,Home,458,South,449.92
2024-02-26,108,Electronics,398,North,368.71
2024-01-16,109,Books,416,Central,490.74
2024-02-21,109,Clothing,430,West,154.47
2024-02-18,109,Sports,193,North,318.09
2024-01-11,100,Sports,393,North,286.8
2024-01-27,106,Books,284,West,151.94
2024-02-28,107,Clothing,164,North,471.4
2024-02-01,105,Electronics,480,North,218.07
2024-02-11,106,Electronics,323,North,248.31
2024-01-24,108,Clothing,482,West,239.41
2024-02-17,107,Clothing,212,North,440.89
2024-02-18,105,Books,471,North,429.89
2024-01-05,104,Sports,461,Central,245.63
2024-01-31,109,Electronics,295,East,142.73
2024-02-08,100,Books,290,Central,365.74
2024-02-29,104,Books,560,East,275.5
2024-02-06,101,Books,430,West,230.91
2024-02-19,106,Electronics,571,East,200.51
2024-01-13,104,Sports,89,South,104.01
2024-01-30,100,Clothing,538,East,481.35
2024-03-01,108,Clothing,355,West,394.47
2024-02-12,101,Clothing,183,West,378.71
2024-01-01,108,Sports,202,North,244.26
2024-02-04,109,Sports,514,North,431.9
2024-01-14,101,Clothing,541,South,494.97
2024-02-20,109,Clothing,596,West,295.16
2024-01-31,109,Books,158,Central,258.0
2024-01-13,109,Electronics,397,South,244.66
2024-01-11,103,Clothing,116,North,207.58
2024-01-24,100,Sports,167,North,360.91
2024-02-27,106,Books,155,Central,174.7
2024-02-27,105,Electronics,525,South,355.65
2024-02-29,100,Clothing,138,North,176.97
2024-01-23,109,Sports,88,South,157.2
2024-02-14,109,Electronics,461,West,337.24
